vertical,name,phone,email,url
Car Dealerships,Toyota of Downtown L.A.,(213) 748-8341,,toyotaofdowntownla.com
Car Dealerships,CardinaleWay Hyundai of Glendora,(909) 394-3500,,cardinalewayhyundaiofglendora.com
Car Dealerships,CardinaleWay Hyundai of El Monte,(626) 448-2800,,cardinalewayhyundaiofelmonte.com
Car Dealerships,Nissan of Mission Hills,(818) 838-2900,,nissanofmissionhills.com
Car Dealerships,Modesti's Car Care Center,(818) 764-1011,,modestiscarcare.com
Car Dealerships,CarPair,,,mycarpair.com
Real Estate,The Borges Real Estate Team,(323) 605-8368,,theborgesteam.com
Real Estate,Kevin DaSilva Group,(424) 392-4213,,kevindasilva.com
Real Estate,Blayne Pacelli Realtor,(310) 425-7051,,blaynepacelli.com
Real Estate,Ken Sisson - Coldwell Banker,(310) 308-8672,,lahomebuying.com
Real Estate,Keri White Real Estate,(323) 412-4427,,keriwhite.com
Mortgage/Lending,Cohen Financial Group,(323) 433-1080,,cohenfinancialgroup.com
Mortgage/Lending,EM Mortgage Note Fund,(877) 276-5550,help@emtg.com,emtg.com
Mortgage/Lending,estimatedcashtoclose,,,cashtoclose.net
Home Services,Running Plumbing,(310) 817-6060,,runningplumbingservices.com
Home Services,Most Valuable Plumber,(323) 498-0692,,mostvaluableplumber.com
Home Services,The Brothers that just do Gutters LA,(323) 451-4827,,brothersgutters.com/los-angeles-ca
Home Services,Tub N' Crete Coatings,(323) 839-8043,,tubncrete.com
Home Services,Growth Cleaning,,,
Legal Services,Edelson P.C.,(312) 589-6370,,edelson.com
Legal Services,Lynch Carpenter LLP,(412) 322-9243,contact@lcllp.com,lynchcarpenter.com
Legal Services,Quill & Arrow Law,(833) 784-5569,,quillarrowlaw.com
Legal Services,Seven Law Group,(213) 252-9400,info@sevenlaw.com,sevenlaw.com
Legal Services,Injury Advocate Group,(310) 595-1335,info@injuryag.com,injuryag.com
Healthcare/Dental,Dream Team Dental Eagle Rock,(323) 457-8787,,dreamteamdentalcare.com
Healthcare/Dental,5D Smiles Dental Implant Center,(562) 923-4538,,5dsmiles.com
Healthcare/Dental,Jon Marashi DDS,(310) 820-0300,office@drmarashi.com,drmarashi.com
Healthcare/Dental,123 Kids Dentistry,(323) 888-1230,,123kidsdentistry.com
Healthcare/Dental,Kingswell Dentist,(323) 245-4592,,kingswelldentist.net
Healthcare/Dental,Selfie Smiles Dental,(310) 845-6855,,selfiesmilesdental.com
